<Page xmlns="http://schemas.nativescript.org/tns.xsd"
      xmlns:RL="nativescript-ripple"
      showingModally="onShowingModally"
      shownModally="onShownModally"
      loaded="onLoaded"
      unloaded="onUnloaded"
      cssFile="~/components/popup/popup.css"
      codeFile="~/components/popup/popup-view.js">
  <StackLayout id="popup">

    <StackLayout id="applyBar" orientation="horizontal">
        <StackLayout id="cancel">
            <android>
                <RL:Ripple rippleColor="#ff8888" tap="onTapCancel">
                    <Button id="btnCancel" color="#fff" text="Cancel" visibility="{{ type === 'confirm' ? 'visible' : 'collapsed' }}" />
                </RL:Ripple>
            </android>
            <ios>
                <Button id="btnCancel" tap="onTapCancel" text="Cancel" visibility="{{ type === 'confirm' ? 'visible' : 'collapsed' }}" />
            </ios>
        </StackLayout>
        <StackLayout id="apply">
            <android>
                <RL:Ripple rippleColor="#ff8888" tap="onTapContinue">
                    <Button id="btnApply" color="#fff" text="{{ type === 'confirm' ? 'Continue' : 'OK' }}" />
                </RL:Ripple>
            </android>
            <ios>
                <Button id="btnApply" tap="onTapContinue" text="{{ type === 'confirm' ? 'Continue' : 'OK' }}" />
            </ios>
        </StackLayout>
    </StackLayout>

    <StackLayout id="popupMessage">
        <Label id="lblTitle" text="{{ title }}" textWrap="true" />
        <Label id="lblMessage" text="{{ message }}" textWrap="true" />
    </StackLayout>

  </StackLayout>
</Page>