<action-bar xmlns:RL="nativescript-ripple"
            cssClass="custom-action-bar" id="actionBar">
<android>

    <android:NavigationButton id="drawerButton" icon="res://ic_menu_red" tap="toggleSideDrawer" />
    <ActionBar.titleView>
        <GridLayout rows="*,*" id="titleView">
            <StackLayout orientation="horizontal" style="background-color:white;height:56" horizontalAlignment="center">
                <RL:Ripple id="tappableLogo" rippleColor="#fefefe">
                    <Image id="logoImage" src="~/images/logo.png"  horizontalAlignment="center"/>
                </RL:Ripple>
                <StackLayout id="vertRule">
                  <Label width="1" height="56" horizontalAlignment="center"/>
                </StackLayout>
                <RL:Ripple id="contactUH" rippleColor="#fefefe">
                  <StackLayout id="contactUHContent" >
                      <Label text="CONTACT UH" id="lblContactUH" />
                      <Label text="1-866-UH4-CARE" id="lblContactUHNumber" class="contactUHNumber"  />
                  </StackLayout>
                </RL:Ripple>
            </StackLayout>
        </GridLayout>
    </ActionBar.titleView>
</android>

<ios>
  <ActionBar.titleView>
    <GridLayout rows="*" id="titleView">
      <StackLayout orientation="horizontal">
        <!--<Button id="drawerButton" />-->

        <StackLayout id="logo">
          <Image id="tappableLogo" src="~/images/logo.png" />
        </StackLayout>

        <Image  src="~/images/v-line.png" class="vlinecontent" />

        <!--<Label text="{{ pageTitle }}" class="pageTitle" />-->
        <StackLayout id="contactUH"   >
          <Label text="CONTACT UH" />
          <Label text="1-866-UH4-CARE" class="contactUHNumber"  />
        </StackLayout>
      </StackLayout>
    </GridLayout>
  </ActionBar.titleView>
    <ActionItem icon="res://ic_stackmenu" ios.position="left" tap="toggleSideDrawer" />
</ios>
 
</action-bar>



<!--<action-bar cssClass="custom-action-bar" id="actionBar">
  <android:NavigationButton id="drawerButton" icon="res://ic_menu_black" tap="toggleSideDrawer" />
  --><!--<android:NavigationButton id="drawerButton" icon="res://ic_stackmenu" tap="toggleSideDrawer" />--><!--
  <ActionBar.titleView>
    <GridLayout rows="*" id="titleView">
      <StackLayout orientation="horizontal">
        --><!--<Button id="drawerButton" />--><!--

        <StackLayout id="logo">
          <Image id="tappableLogo" src="~/images/logo.png" />
        </StackLayout>

        <Image  src="~/images/v-line.png" class="vlinecontent" />
       
        --><!--<Label text="{{ pageTitle }}" class="pageTitle" />--><!--
        <StackLayout id="contactUH"   >
          <Label text="CONTACT UH" />
          <Label text="1-866-UH4-CARE" class="contactUHNumber"  />
        </StackLayout>
      </StackLayout>
    </GridLayout>
  </ActionBar.titleView>
  <action-bar.actionItems>
    --><!--<android>
            <ActionItem icon="res://ic_phone_white" android.position="right" tap="callUH" />
        </android>--><!--
    <iOS>
      <ActionItem icon="res://ic_menu_red" ios.position="left" tap="toggleSideDrawer" />
      --><!--<ActionItem icon="res://ic_stackmenu" ios.position="left" tap="toggleSideDrawer" />--><!--
      --><!--<ActionItem icon="res://ic_phone_white" ios.position="right" tap="callUH" />--><!--
    </iOS>
  </action-bar.actionItems>
</action-bar>-->
