<Page xmlns="http://schemas.nativescript.org/tns.xsd"
     xmlns:lv="nativescript-telerik-ui-pro/listview" 
     loaded="pageLoaded"
>
<Page.actionBar>
<ActionBar title="">
    <ActionBar.titleView>
        <Label text="NICOLE'S TEST APP" color="red"/>
    </ActionBar.titleView>
</ActionBar>
</Page.actionBar>

<StackLayout>
    <StackLayout style="margin: 10; padding: 20; border-width: 1; border-color: silver;">
        <Label  text="Data Form" style="horizontal-align: center; margin-bottom: 10;" />
        <Button text="Test" tap="{{testTap}}" />
    </StackLayout>
</StackLayout>

</Page>




