<ScrollView>
    <StackLayout class="pageContent">
        <StackLayout class="ehiSection ehiTop">
            <Label text="Tummy Ache?" class="ehiSectionTitle" />
            <Label text="Try our easy to use symptom checker." textWrap="true" />
            <Button text="Visit Symptom Checker   &gt;" tap="tileSymptomCheckerTap" />
        </StackLayout>

        <StackLayout class="horizontalLine sectionDivider"></StackLayout>

        <StackLayout class="ehiSection">
            <Label text="Explore Conditions" class="ehiSectionTitle" />
            <Label text="What is diabetes and how does it affect the body?" textWrap="true" />
            <Button text="Staywell Health Library   &gt;" tap="tileExploreConditionsTap" />
        </StackLayout>

    </StackLayout>
</ScrollView>