<?xml version="1.0" encoding="utf-8"?>
<resources xmlns:android="http://schemas.android.com/apk/res/android">
    <style name="AppThemeBase" parent="Theme.AppCompat.Light.NoActionBar"><!-- remove platform, build with dark, then build with light -->
        <item name="toolbarStyle">@style/NativeScriptToolbarStyle</item>
        
        <item name="colorPrimary">@color/ns_primary</item>
        <item name="colorPrimaryDark">@color/ns_primaryDark</item>
        <item name="colorAccent">@color/ns_accent</item>
        <item name="android:textColorPrimary">@color/lightgrey</item>
        <item name="android:textColorHint">@color/lightgrey</item>
    </style>
    
    <style name="AppTheme" parent="AppThemeBase">
    </style>

    <style name="NativeScriptToolbarStyleBase" parent="Widget.AppCompat.Toolbar">
        <item name="android:background">@color/ns_primary</item>
        <item name="theme">@style/ThemeOverlay.AppCompat.ActionBar</item>
        <item name="popupTheme">@style/ThemeOverlay.AppCompat</item>
    </style>
    
    <style name="NativeScriptToolbarStyle" parent="NativeScriptToolbarStyleBase">
    </style>
</resources> 