<Page xmlns="http://schemas.nativescript.org/tns.xsd"
     xmlns:lv="nativescript-telerik-ui-pro/listview" 
     loaded="pageLoaded"
     navigatedTo="onNavigatedTo"
>
  <DockLayout>
    <Label dock="bottom" text="Pull to refresh test"/>
    <lv:RadListView id="itemList" items="{{items}}" pullToRefresh="true" pullToRefreshInitiated="{{pullToRefreshInitiated}}">
      <lv:RadListView.listViewLayout>
        <lv:ListViewLinearLayout scrollDirection="Vertical" />
      </lv:RadListView.listViewLayout>

      <lv:RadListView.itemTemplate>
        <StackLayout>
          <Label text="{{description}}"/>
        </StackLayout>
      </lv:RadListView.itemTemplate>
    </lv:RadListView>
  </DockLayout>

</Page>



