<action-bar cssClass="custom-action-bar" id="actionBar">
    <ActionBar.titleView>
        <GridLayout rows="*,*" id="titleView">
            <StackLayout orientation="horizontal" horizontalAlignment="right">
                <StackLayout id="logo">
                    <Image id="tappableLogo" src="~/images/logo.png" />
                </StackLayout>
                <StackLayout id="contactUH">
                    <Label text="CONTACT UH" class="contactUHLabel" />
                    <Label text="1-866-UH4-CARE" class="contactUHNumber" />
                </StackLayout>
            </StackLayout>
        </GridLayout>
    </ActionBar.titleView>
    <!--<action-bar.actionItems>
        <android>
            <ActionItem icon="res://ic_phone_white" android.position="right" tap="callUH" />
        </android>
        <iOS>
            <ActionItem icon="res://ic_phone_white" ios.position="right" tap="callUH" />
        </iOS>
    </action-bar.actionItems>-->
</action-bar>

